lines,score,rewards,block_placed,episode_time,episode_length
0,0,-24.0,17,193.66639,4932
0,0,-25.0,16,178.94764,3828
0,0,-25.0,14,141.578979,3358
0,0,-25.0,12,101.678512,2648
0,0,-25.0,13,123.733096,3323
