lines,score,rewards,block_placed,episode_time,episode_length
0,0,-24.0,23,26.578875,1004
0,0,-24.0,11,19.186698,434
0,0,-24.0,21,24.329847,917
0,0,-25.0,17,21.004866,727
0,0,-25.0,17,21.152609,751
