lines,score,rewards,block_placed,episode_time,episode_length
0,0,-24.0,20,171.331016,5123
0,0,-24.0,20,140.700411,4824
1,80,-15.0,30,261.690019,7166
0,0,-25.0,15,129.311498,3562
0,0,-25.0,15,91.792266,2947
