lines,score,rewards,block_placed,episode_time,episode_length
0,0,-25.0,14,74.939243,2424
0,0,-25.0,18,146.245333,3701
0,0,-25.0,27,221.777623,5028
0,0,-25.0,22,288.680082,4547
0,0,-25.0,18,154.958944,3551
