lines,score,rewards,block_placed,episode_time,episode_length
0,0,-24.0,12,105.87662,2153
0,0,-25.0,12,89.061673,2022
0,0,-25.0,21,159.086399,3885
0,0,-25.0,12,71.294396,1925
0,0,-25.0,22,179.879006,3960
