lines,score,rewards,block_placed,episode_time,episode_length
0,0,-25.0,19,202.656806,2631
0,0,-25.0,20,180.147733,3150
0,0,-25.0,19,141.265962,3016
0,0,-24.0,19,139.206242,3168
0,0,-25.0,20,106.562555,2792
