lines,score,rewards,block_placed,episode_time,episode_length
0,0,-25.0,22,123.838243,2933
0,0,-25.0,24,96.712556,2783
0,0,-25.0,22,123.60466,3046
0,0,-25.0,25,135.377216,2858
0,0,-25.0,14,77.748616,1738
