lines,score,rewards,block_placed,episode_time,episode_length
0,0,-24.0,21,71.351803,2327
0,0,-25.0,17,59.927951,1840
0,0,-25.0,19,71.450554,2237
0,0,-25.0,16,66.126348,1735
1,280,-15.0,21,95.203428,2408
