lines,score,rewards,block_placed,episode_time,episode_length
0,0,-25.0,18,37.801812,1453
0,0,-25.0,19,55.993629,1506
0,0,-25.0,19,50.890057,1362
0,0,-25.0,17,54.704427,1442
0,0,-25.0,17,52.672874,1367
