lines,score,rewards,block_placed,episode_time,episode_length
0,0,-24.0,9,14.69429,440
0,0,-25.0,14,29.254496,782
0,0,-24.0,16,33.179453,915
0,0,-25.0,22,55.705318,1068
0,0,-25.0,22,39.732172,1113
